{"mean": [50.67407548990161, 0.0036315976299047046, 0.004022972813077392, 0.0005187996614149578, 0.062465299584050095, 0.027287041840737606, 0.12878974050915182, 2.451383010676351, 0.27245173797886574, 0.10054701508159718, 0.16101903175600032, 0.38890860934385496, 1.1299820695555616, 0.01711128707824773, 0.0003640699378350581, 0.0007281398756701162, 1.8499030663790514, 0.00020023846580928195, 0.0, 0.0, 0.01662889441061628, 0.1490138255558893, 0.001729332204716526, 0.0018203496891752906, 0.1907908509224622, 0.10246748400367711, 1.4294477969217887, 9.103841848019005, 1.8706641545840956, 2.329019104569988, 2.7713640790395835, 2.3387852806524134, 11.975334261711675, 9.859933193166407, 11.553613849220435, 5.850038535075067, 6.0337805476287745, 5.806535240396644, 0.9977791733792062, 0.021725873540307094, 0.9978155803729897, 0.011258862827549173, 0.13263978010175756, 0.0039046500832809984, 1.0], "var": [1933.3974457692152, 0.003818647594368459, 0.02443111201536939, 0.0012102633902128842, 0.4526326866445919, 0.11918005487044996, 0.6243219213044217, 2.519796870377702, 0.8738081685947867, 1.8548840630604957, 0.41528012732622116, 2.0901193606144264, 5.9587392810044415, 0.028523339434170635, 0.0011466877572607979, 0.0033125062466204877, 0.5882437399781278, 0.0002001983703660923, 0.0, 0.0, 0.016352374281296853, 0.12680870534908828, 0.0017263416148422565, 0.001980867488210186, 0.3702831752629344, 0.10015947232692211, 0.9869787164517674, 18.1032162698846, 7.898899030997278, 0.598943181324118, 0.29433839996244926, 0.6039714048872372, 50.1443642506006, 27.256127860539713, 50.08964710356122, 3.517359305461869, 5.009279763768917, 3.9655925395474236, 0.0022158945499142274, 0.02125385995921767, 0.00217964793790348, 0.011132100835379603, 0.11504646883631492, 0.003889403791008132, 0.0]}