{"mean": [50.75184139329248, 0.0039387726775235105, 0.002930756330820498, 0.0004209549077653666, 0.06598525065020468, 0.027277878023195753, 0.13459862518402554, 2.443613658962813, 0.2801739340170248, 0.105420761496051, 0.16148285348266234, 0.39132878398642024, 1.1255810884301112, 0.016476402633129834, 0.00036179367748482856, 0.0006166420540779154, 1.8471387581147591, 0.00019341171437868194, 0.0, 0.0, 0.01629209264648662, 0.14940486077769713, 0.0017042985184662679, 0.0017361545655404037, 0.1943628449270383, 0.10260150132998996, 1.4340864254557122, 9.078126955449319, 1.8620860704883304, 2.332322283077385, 2.7714146587876045, 2.341856342880287, 11.98841350059275, 9.860534225909433, 11.563510718422124, 5.85741522824631, 6.038279466264497, 5.81353974497801, 0.9979407340998505, 0.021439119680893425, 0.9979589375553214, 0.012002903451147615, 0.13325839577497797, 0.003959251564928313, 0.9999840719764629], "var": [1982.8522307705587, 0.004842533248600511, 0.019023123362191665, 0.000894067546975299, 0.567805581899382, 0.12436371595841855, 0.6601689906968723, 2.552884379105, 0.9255869670187147, 1.8295152103975587, 0.2245575646826624, 1.6460094060212835, 5.857096457219702, 0.025238395566852208, 0.0013628528337211725, 0.003078279159098984, 0.5864469235736829, 0.00019337430628742295, 0.0, 0.0, 0.01602666036368492, 0.12708304835369408, 0.0017013938850262205, 0.0018059541547486959, 0.378231203253008, 0.10085304965568037, 0.9817940382076606, 17.85770020043062, 6.980435919814457, 0.5741392500656783, 0.27411394405733436, 0.5765402666313627, 52.19137975717734, 26.92811651980523, 52.144627752038815, 3.545767417474234, 5.040722353300427, 4.017687733083735, 0.0020550253241019777, 0.02097948382820176, 0.002036896508775483, 0.01185883375989004, 0.11550059573045733, 0.003943575891973925, 1.592776983513414e-05]}